{
  "summary": [
    {
      "variant": "no_posterior",
      "label": "No posterior",
      "runtime_sec": 2.891399000000092,
      "device": "cuda:0",
      "belief_strength_index": 0.4564393939393939,
      "z_work": 0.184,
      "x_end": 0.58,
      "push_duration": 1.55,
      "moved_mass": 20534.30230437248,
      "target_zone_mass": 12519.983049867691,
      "forward_transport": 4185.4560546875,
      "peak_force": 1595.35400390625,
      "current_force": 1485.9527587890625,
      "work": 376.4554814128109,
      "force_violation": 0.0,
      "efficiency": 7.2606752639935666,
      "reward": 2123.3946649489217,
      "trench_depth_m": 0.025525206699967384,
      "ridge_height_m": 0.13812269270420074,
      "depth_completion": 0.36464580999953405,
      "lateral_spillage_mass": 10114.954777595765,
      "target_transport_error": 0.1626266818576389,
      "target_mass_error": 0.11785562945247242,
      "intuitive_score": 135.84484850581035
    },
    {
      "variant": "wrong_posterior",
      "label": "Wrong posterior",
      "runtime_sec": 2.8302825999999186,
      "device": "cuda:0",
      "belief_strength_index": 0.0,
      "z_work": 0.171,
      "x_end": 0.64,
      "push_duration": 0.95,
      "moved_mass": 11393.567101026965,
      "target_zone_mass": 9341.764639301915,
      "forward_transport": 3687.01025390625,
      "peak_force": 2570.96044921875,
      "current_force": 270.3725280761719,
      "work": 860.8207672688668,
      "force_violation": 0.0,
      "efficiency": 3.4756203570548796,
      "reward": 1153.7582469146032,
      "trench_depth_m": 0.0,
      "ridge_height_m": 0.34824198484420776,
      "depth_completion": 0.0,
      "lateral_spillage_mass": 5677.657268145161,
      "target_transport_error": 0.024169514973958334,
      "target_mass_error": 0.16591387149090045,
      "intuitive_score": 137.60450368533273
    },
    {
      "variant": "estimated_posterior",
      "label": "Estimated posterior",
      "runtime_sec": 2.818450999999186,
      "device": "cuda:0",
      "belief_strength_index": 0.4283270540072923,
      "z_work": 0.171,
      "x_end": 0.64,
      "push_duration": 1.55,
      "moved_mass": 12965.991677009828,
      "target_zone_mass": 11216.954195753528,
      "forward_transport": 3768.6865234375,
      "peak_force": 2257.1083984375,
      "current_force": 434.0657043457031,
      "work": 619.5772764776235,
      "force_violation": 0.0,
      "efficiency": 4.598329689708515,
      "reward": 1361.5598299566768,
      "trench_depth_m": 0.0455620251595974,
      "ridge_height_m": 0.30102020502090454,
      "depth_completion": 0.6508860737085341,
      "lateral_spillage_mass": 6296.209378780241,
      "target_transport_error": 0.04685736762152778,
      "target_mass_error": 0.0015137674779935294,
      "intuitive_score": 180.27407895879645
    },
    {
      "variant": "gt_property_controller",
      "label": "GT property",
      "runtime_sec": 2.787922099996649,
      "device": "cuda:0",
      "belief_strength_index": 0.40655813059239954,
      "z_work": 0.171,
      "x_end": 0.64,
      "push_duration": 1.55,
      "moved_mass": 12580.210492219001,
      "target_zone_mass": 11066.385589875252,
      "forward_transport": 3740.219970703125,
      "peak_force": 2253.439453125,
      "current_force": 445.85504150390625,
      "work": 617.6115744618519,
      "force_violation": 0.0,
      "efficiency": 4.574568276097266,
      "reward": 1330.0597663935498,
      "trench_depth_m": 0.03910854458808899,
      "ridge_height_m": 0.294221431016922,
      "depth_completion": 0.5586934941155569,
      "lateral_spillage_mass": 6110.643745589718,
      "target_transport_error": 0.038949991861979165,
      "target_mass_error": 0.011929858046852522,
      "intuitive_score": 175.781092853138
    }
  ],
  "policies": {
    "no_posterior": {
      "insert_duration": 0.24,
      "lift_duration": 0.34,
      "x_start": 0.225,
      "y": 0.28,
      "z_high": 0.335,
      "z_lift": 0.305,
      "angle": 1.5707963267948966,
      "blade_half_x": 0.105,
      "blade_half_y": 0.145,
      "blade_half_z": 0.012,
      "z_work": 0.184,
      "x_end": 0.58,
      "push_duration": 1.55,
      "name": "no_posterior",
      "belief_strength_index": 0.4564393939393939,
      "controller_score": 1.105193853378296,
      "pred_forward_transport": 1998.910711412481,
      "pred_peak_force": 2421.7460199977013,
      "pred_spillage": 30.011001369574377,
      "pred_depth_index": 0.44285714285714284,
      "pred_stress_index": 0.3976895584415584,
      "pred_long_push_index": 0.0
    },
    "wrong_posterior": {
      "insert_duration": 0.24,
      "lift_duration": 0.34,
      "x_start": 0.225,
      "y": 0.28,
      "z_high": 0.335,
      "z_lift": 0.305,
      "angle": 1.5707963267948966,
      "blade_half_x": 0.105,
      "blade_half_y": 0.145,
      "blade_half_z": 0.012,
      "z_work": 0.171,
      "x_end": 0.64,
      "push_duration": 0.95,
      "name": "wrong_posterior",
      "belief_strength_index": 0.0,
      "controller_score": 0.1436769664287567,
      "pred_forward_transport": 3508.8748419721855,
      "pred_peak_force": 2611.5094869918153,
      "pred_spillage": 66.0222503160556,
      "pred_depth_index": 0.6285714285714282,
      "pred_stress_index": 0.416132812030075,
      "pred_long_push_index": 0.0
    },
    "estimated_posterior": {
      "insert_duration": 0.24,
      "lift_duration": 0.34,
      "x_start": 0.225,
      "y": 0.28,
      "z_high": 0.335,
      "z_lift": 0.305,
      "angle": 1.5707963267948966,
      "blade_half_x": 0.105,
      "blade_half_y": 0.145,
      "blade_half_z": 0.012,
      "z_work": 0.171,
      "x_end": 0.64,
      "push_duration": 1.55,
      "name": "estimated_posterior",
      "belief_strength_index": 0.4283270540072923,
      "controller_score": 0.43267276883125305,
      "pred_forward_transport": 3328.5213190991153,
      "pred_peak_force": 2888.4687124640736,
      "pred_spillage": 50.79503402085123,
      "pred_depth_index": 0.6285714285714282,
      "pred_stress_index": 0.5520954495873994,
      "pred_long_push_index": 0.0
    },
    "gt_property_controller": {
      "insert_duration": 0.24,
      "lift_duration": 0.34,
      "x_start": 0.225,
      "y": 0.28,
      "z_high": 0.335,
      "z_lift": 0.305,
      "angle": 1.5707963267948966,
      "blade_half_x": 0.105,
      "blade_half_y": 0.145,
      "blade_half_z": 0.012,
      "z_work": 0.171,
      "x_end": 0.64,
      "push_duration": 1.55,
      "name": "gt_property_controller",
      "belief_strength_index": 0.40655813059239954,
      "controller_score": 0.2962148189544678,
      "pred_forward_transport": 3337.687450423996,
      "pred_peak_force": 2864.527310682947,
      "pred_spillage": 51.568928880517674,
      "pred_depth_index": 0.6285714285714282,
      "pred_stress_index": 0.5425188888749485,
      "pred_long_push_index": 0.0
    }
  },
  "beliefs": {
    "no_posterior": {
      "rho": 1550.0,
      "phi_deg": 34.0,
      "delta_deg": 21.0,
      "cohesion_kpa": 6.0
    },
    "wrong_posterior": {
      "rho": 1150.0,
      "phi_deg": 24.0,
      "delta_deg": 8.0,
      "cohesion_kpa": 0.0
    },
    "estimated_posterior": {
      "rho": 1268.6368408203125,
      "phi_deg": 32.88200759887695,
      "delta_deg": 22.220300674438477,
      "cohesion_kpa": 8.710464477539062
    },
    "gt_property_controller": {
      "rho": 1261.520751953125,
      "phi_deg": 30.662269592285156,
      "delta_deg": 23.736600875854492,
      "cohesion_kpa": 8.473114013671875
    }
  },
  "gt_material": {
    "rho": 1261.520751953125,
    "phi_deg": 30.662269592285156,
    "delta_deg": 23.736600875854492,
    "cohesion_kpa": 8.473114013671875
  },
  "estimated_material": {
    "rho": 1268.6368408203125,
    "phi_deg": 32.88200759887695,
    "delta_deg": 22.220300674438477,
    "cohesion_kpa": 8.710464477539062
  },
  "true_mpm_config": {
    "dx": 0.013888888888888888,
    "dt": 0.0008,
    "p_mass": 0.8138843560987903,
    "p_vol": 1.0,