method,n_trials,final_height_map_error_mean,final_height_map_error_std,height_map_mae_m_mean,height_map_mae_m_std,target_trench_completion_mean,target_trench_completion_std,overflow_spillage_m3_mean,overflow_spillage_m3_std,peak_force_n_mean,peak_force_n_std,force_violation_n_mean,force_violation_n_std,safety_task_score_mean,safety_task_score_std,executed_strokes_mean,executed_strokes_std,target_reached_rate
DDBot-core target-only GT material,15,10.911009788513184,0.5374212861061096,0.006725571118295193,0.000340240920195356,1.0,0.0,0.00011030646419385448,1.807758781069424e-05,3887.73486328125,1317.2896728515625,922.86328125,944.4649047851562,13.679598808288574,3.352504253387451,1.0,0.0,0.0
DDBot-core target-only vision nominal,15,10.909591674804688,0.5350250005722046,0.006724684964865446,0.0003386549942661077,1.0,0.0,0.00011029931920347735,1.8035443645203486e-05,3882.8486328125,1316.463134765625,920.1212158203125,940.674560546875,13.669954299926758,3.338667392730713,1.0,0.0,0.0
Ours force-posterior closed-loop,15,6.755300521850586,0.8125557899475098,0.004042204935103655,0.0005341852083802223,1.0,0.0,0.0002566074545029551,2.839672742993571e-05,2965.3134765625,481.98675537109375,22.981754302978516,31.091724395751953,6.824245929718018,0.846299409866333,5.0,0.0,0.6
